{"noiseKey":{"private":{"type":"Buffer","data":"ACppn1t93rc5zENg20RAV9qJek3UKAPd5A036F9ujGc="},"public":{"type":"Buffer","data":"AItKQZKnJ0M9mZUMfSduivbqCbNobAr72sHfFy2irxY="}},"pairingEphemeralKeyPair":{"private":{"type":"Buffer","data":"4Flrlakp8zWKK8FNKUuzD+pckND0zMKGMvqGjq2JVmc="},"public":{"type":"Buffer","data":"M0tRzpNQHqbU0cJMxTxZjVxuMLgUBlKUlMv1X03Q0lU="}},"signedIdentityKey":{"private":{"type":"Buffer","data":"gG7+h4cgJLGtlU3Ex+7PP/nBXbb5yMoxWAhZCBW2QU4="},"public":{"type":"Buffer","data":"e9IIlh9Pb7tnihy99qYIEXcGyHIjJ+sVoWe6fcL0KFs="}},"signedPreKey":{"keyPair":{"private":{"type":"Buffer","data":"wIE4Pg8VZc306Mem7n2S+kiVCFe1MwMvhrLiBqj6024="},"public":{"type":"Buffer","data":"uIJ7Uz9T85BFnSkFSpRlQaExhszechrBLrcOlcJnQV4="}},"signature":{"type":"Buffer","data":"/L5f9WhJTdc6OvRP/3aUcvDdg64vkS5DSUw52vKsqdc/pn3ZtQXvY5M99D5WUOWI6OxNsBVvXKqBU2BZP2wmCw=="},"keyId":1},"registrationId":214,"advSecretKey":"HlTfk0zs0xXX9eXW7EJSwaQnoBqhuAvw/xjrwh+xMUM=","processedHistoryMessages":[{"key":{"remoteJid":"62859273492678@s.whatsapp.net","fromMe":true,"id":"A0F6338525CE5402093E88AAACF2556D"},"messageTimestamp":1693154411},{"key":{"remoteJid":"62859273492678@s.whatsapp.net","fromMe":true,"id":"242D95D08322114A5540494578E779CE"},"messageTimestamp":1693154411},{"key":{"remoteJid":"62859273492678@s.whatsapp.net","fromMe":true,"id":"5B07439AF044669C2E7E3DD619783B1F"},"messageTimestamp":1693154412},{"key":{"remoteJid":"62859273492678@s.whatsapp.net","fromMe":true,"id":"A4BD2B34027C76E748D4C18007A97A52"},"messageTimestamp":1693154412}],"nextPreKeyId":31,"firstUnuploadedPreKeyId":31,"accountSyncCounter":1,"accountSettings":{"unarchiveChats":false},"deviceId":"FXB6-sKoTwGbWIeGPxYvVQ","phoneId":"9a3050d2-2d53-4210-94f9-7de152ebc70d","identityId":{"type":"Buffer","data":"4bPKGQKkNXCyqLKCbmmD4KplHMg="},"registered":true,"backupToken":{"type":"Buffer","data":"FIBzZ30k2YpuyIHiRFIYyUWcPPA="},"registration":{},"pairingCode":"45H55J49","me":{"id":"62859273492678:1@s.whatsapp.net","name":"Yuki"},"account":{"details":"CLWo4iYQ5fitpwYYAQ==","accountSignatureKey":"5rR7inoXNxjB8cFplyUNDsXVvDo8HxsKUd01PYRkFDs=","accountSignature":"Q3cQm38wiie27phtBVhuKmmQiuewPSi4WYlrf3OBuwe+J+IiMymRD3m2q+4lCYs2uFu+wp6UGkrI3NIASCIxDw==","deviceSignature":"WSVyz+zQJffz7z+BTNvAe2w0XHyrPGHan5EWpQGwvmpCXs+kKN40tJQhmYFeSI4v55ag/3+cTwtTn4MekOmqDQ=="},"signalIdentities":[{"identifier":{"name":"62859273492678:1@s.whatsapp.net","deviceId":0},"identifierKey":{"type":"Buffer","data":"Bea0e4p6FzcYwfHBaZclDQ7F1bw6PB8bClHdNT2EZBQ7"}}],"platform":"android","lastAccountSyncTimestamp":1693154408,"myAppStateKeyId":"AAAAAMCL"}