{"noiseKey":{"private":{"type":"Buffer","data":"MBseCodGtgAjiiNt1htzCooEMFP/OnqiUEdppshdWkE="},"public":{"type":"Buffer","data":"BK5a6TVFKGbkrKJYAQDqr5NnblAj1vjHBXrok8j1Kl8="}},"pairingEphemeralKeyPair":{"private":{"type":"Buffer","data":"CDKeir/AxMgBSjH60Usp4haTXEFEnf6LTgjT6w8yvms="},"public":{"type":"Buffer","data":"qQFurb97AYRvB8jcuGCBBxKQXuJFeFEvvOTRCZlqcWY="}},"signedIdentityKey":{"private":{"type":"Buffer","data":"mNPR6Wf7Mi0LAx6be133uC7ng7j903/15gnwjHoU/Gw="},"public":{"type":"Buffer","data":"ycyKhWPuhX57Bu4XAcN0td9RiRVOS77yxSvA9EHkWTQ="}},"signedPreKey":{"keyPair":{"private":{"type":"Buffer","data":"8GuTH8vdznHNOuOa8Ke6ytRYU1YP69NK78EOIL43tXU="},"public":{"type":"Buffer","data":"+tWYU5bi4N22MNeJ+BBOE8rM64MDx5O+IS29PbMld2Q="}},"signature":{"type":"Buffer","data":"sCddSiYGbiM9wkEB5Jmf6u+sqyTh5ipwD9Gehc0BF6MQW06sxnMJG0kP+XYVTPuNLl0vKeRmOI6kW/K7e0KShw=="},"keyId":1},"registrationId":27,"advSecretKey":"o3tgA1WNnTTg9WWU4Q9BOtkmpsjSOHl6CudvQ+k0lkw=","processedHistoryMessages":[{"key":{"remoteJid":"6287819474095@s.whatsapp.net","fromMe":true,"id":"C117F5637ECC73096291421AD41243BE"},"messageTimestamp":1693416389},{"key":{"remoteJid":"6287819474095@s.whatsapp.net","fromMe":true,"id":"D7ADD55022440074A703AC4665B69597"},"messageTimestamp":1693416389}],"nextPreKeyId":31,"firstUnuploadedPreKeyId":31,"accountSyncCounter":1,"accountSettings":{"unarchiveChats":false},"deviceId":"_MFLNnuDREKDW3ii2tPtGw","phoneId":"e210404c-f7e2-4f7d-af2e-da5b8772c208","identityId":{"type":"Buffer","data":"HfpfI1imH6glcrW49ctKP9VLBEE="},"registered":true,"backupToken":{"type":"Buffer","data":"/xC3vhQnrTMDTIEjFZKuTPOhGUc="},"registration":{},"pairingCode":"BRA2PDW1","me":{"id":"6287819474095:2@s.whatsapp.net","name":"Vanzz XD"},"account":{"details":"CP6Mm7sCELz3vacGGAE=","accountSignatureKey":"oIVuk4B/zLtQqWv+22IEsIrBICg8IIESoQ2bnrbkA0s=","accountSignature":"TCA61xZg2yjJByzuHLjqPv3JxhWI+B8kmlH+cdtCXSONb+Gzzv8GKedy3kkyw486f01fmiDmKFEiqbwCMspIAg==","deviceSignature":"E/N15c7yY85CrJtAJ8H0IB1a8h70HAJN+eapTM++sJmThMgi/CJpdFpR9jg7+6qptlgvoTEZP9rF5AgqGoCwiw=="},"signalIdentities":[{"identifier":{"name":"6287819474095:2@s.whatsapp.net","deviceId":0},"identifierKey":{"type":"Buffer","data":"BaCFbpOAf8y7UKlr/ttiBLCKwSAoPCCBEqENm5625ANL"}}],"platform":"android","lastAccountSyncTimestamp":1693416384,"myAppStateKeyId":"AAAAAIAY"}