{"_sessions":{"BXGTZwWJWEFiEbIZuy46m7LqvpKXT5J2GRiEsh59z7tb":{"registrationId":163451222,"currentRatchet":{"ephemeralKeyPair":{"pubKey":"BVa+G6XLkmcGwryIj5ro+YC15eILFjLN16+zO9PLfLsF","privKey":"UMTPrtKXpaXMoPQdfLZJ5iiGhzNhbG8Imf5lV1T6YEU="},"lastRemoteEphemeralKey":"BRGcakERclM6C7XCYLuh5PZs9otgDD1/HaZ62K3WKHVj","previousCounter":0,"rootKey":"o5lMB4fWX54ERCbDWKdyx5K/pfPSRHwOvGdYWdDXE7M="},"indexInfo":{"baseKey":"BXGTZwWJWEFiEbIZuy46m7LqvpKXT5J2GRiEsh59z7tb","baseKeyType":2,"closed":-1,"used":1693416385748,"created":1693416385748,"remoteIdentityKey":"BaCFbpOAf8y7UKlr/ttiBLCKwSAoPCCBEqENm5625ANL"},"_chains":{"BRGcakERclM6C7XCYLuh5PZs9otgDD1/HaZ62K3WKHVj":{"chainKey":{"counter":5,"key":"uT2F9yIT/LNGW5K25Ml0WbEQy6umpmuqSTASqw21SM0="},"chainType":2,"messageKeys":{}},"BVa+G6XLkmcGwryIj5ro+YC15eILFjLN16+zO9PLfLsF":{"chainKey":{"counter":-1,"key":"O8A92+5Sqcge6+2cKuQbt8iNYkaKYeAe0zOYkl9luDc="},"chainType":1,"messageKeys":{}}}}},"version":"v1"}