{"_sessions":{"BeFNk1iw9Lj3HYTdLSlHGG6kjAxVPMxl/asdCtenC1gH":{"registrationId":798028307,"currentRatchet":{"ephemeralKeyPair":{"pubKey":"BdPBH1HwYuYIH6s5IgBG1xuD0AGmhvqeVCxgzqUumcUp","privKey":"yE+68vl7LXukDUceFUeFEbDfPDG5ATPr4CsoAQWCKVY="},"lastRemoteEphemeralKey":"BU+ffNzGdU4Dw9dzCCSJjeQyMVAh8aB1Xq+vaf+xGcQY","previousCounter":0,"rootKey":"zJFFmxEv2cmswZJSQ13pThPc0B666Jyx7cWq4DPni0M="},"indexInfo":{"baseKey":"BeFNk1iw9Lj3HYTdLSlHGG6kjAxVPMxl/asdCtenC1gH","baseKeyType":2,"closed":-1,"used":1693154409796,"created":1693154409795,"remoteIdentityKey":"Bea0e4p6FzcYwfHBaZclDQ7F1bw6PB8bClHdNT2EZBQ7"},"_chains":{"BU+ffNzGdU4Dw9dzCCSJjeQyMVAh8aB1Xq+vaf+xGcQY":{"chainKey":{"counter":7,"key":"0cIpd+N55AL4JyisQEZej3KzrNnpgPIqNodytRRBVOc="},"chainType":2,"messageKeys":{}},"BdPBH1HwYuYIH6s5IgBG1xuD0AGmhvqeVCxgzqUumcUp":{"chainKey":{"counter":-1,"key":"sj8pMZZnSCfj6KU0JRNyHuTmfsQ37NNyzgdxAWQu+9Q="},"chainType":1,"messageKeys":{}}}}},"version":"v1"}